starttime_shike,endtime_shike,duration,FixationVecX,FixationVecY,FixationVecZ,startTime_shijian,FixationHitName,Average_CarSpeed_In_This_Fixation,Theta,Phi,r
1.55E+15,1.55E+15,0.720287,0.301352677,-1.119995919,18.22027144,0,mcp_road_part_02,4.666666667,93.51705274,89.05244757,18.25714917
1.55E+15,1.55E+15,0.110289,0.161678983,-1.121018742,15.54008377,0.750543,mcp_road_part_02,6.833333333,94.12578979,89.4039164,15.58130375
1.55E+15,1.55E+15,0.420166,0.232538313,-1.121303479,18.08298886,0.880352,mcp_road_part_02,6.25,93.54800371,89.26324516,18.11921305
1.55E+15,1.55E+15,0.330713,-0.373147306,-1.12122393,15.82193855,1.320038,mcp_road_part_02,6,94.05237419,91.35102302,15.86600521
1.55E+15,1.55E+15,0.160064,0.035026519,-0.1066205,0.6708687,1.740076,Kooper,6,99.01835439,87.01126144,0.680190856
1.55E+15,1.55E+15,0.220149,0.036129162,-0.108770091,0.660606596,1.920636,Kooper,6.090909091,99.33625838,86.86956155,0.670475446
1.55E+15,1.55E+15,0.329889,0.0285645,-0.095483,0.650078375,2.160302,Kooper,8.6,98.34787158,87.48403691,0.657673801
1.55E+15,1.55E+15,0.160065,2.663988971,-1.119063524,15.2538541,2.670751,mcp_road_part_02,13.375,94.13351321,80.09356556,15.52511531
1.55E+15,1.55E+15,0.160064,2.561008171,-1.119046433,14.23385376,2.850335,mcp_road_part_02,15.66666667,94.42451364,79.80025871,14.505641
1.55E+15,1.55E+15,0.110288,0.017257587,-0.065057333,0.667715687,3.140171,Kooper,18.71428571,95.56307051,88.51947939,0.671099485
1.55E+15,1.55E+15,0.139375,0.056750866,-0.145150233,0.518127439,3.400766,Kooper,20,105.5613722,83.74926977,0.541059418
1.55E+15,1.55E+15,0.129808,1.042916149,-1.17087,23.69186865,3.630909,Plane_01,19.14285714,92.82656582,87.47946679,23.74369918
1.55E+15,1.55E+15,0.440177,1.000905909,-1.171032957,23.34439111,3.780237,Plane_01,18.86956522,92.86910976,87.54490997,23.39516461
1.55E+15,1.55E+15,0.240096,4.522222649,-1.171101333,25.17457543,4.290686,Plane_01,18,92.6215334,79.81631113,25.60432042
1.55E+15,1.55E+15,0.130784,3.617005669,-1.171105286,20.29277955,4.560062,Plane_01,18,93.25176369,79.89367555,20.64584993
1.55E+15,1.55E+15,0.110288,0.507134615,-1.171026833,15.93843942,4.760143,Plane_01,17,94.19995952,88.17755851,15.98944466
1.55E+15,1.55E+15,0.250328,0.340679134,-1.170602692,15.08820986,4.880191,Plane_01,17.69230769,94.43521917,88.7065291,15.13738583
1.55E+15,1.55E+15,0.249856,1.367461177,-1.170283273,17.07664639,5.140278,Plane_01,18.66666667,93.90794861,85.42164649,17.17123656
1.55E+15,1.55E+15,0.220576,0.234275886,-1.1707552,21.5450529,5.510182,Plane_01,19,93.11020218,89.37700359,21.57811061
1.55E+15,1.55E+15,0.10978,0.440724115,-1.127059833,18.13008832,6.580807,Plane_01,17,93.55617582,88.60747178,18.17043214
1.55E+15,1.55E+15,0.659199,0.497729886,-1.121872152,20.56661188,6.711083,Plane_01,16.60606061,93.12137654,88.61366294,20.60320015
1.55E+15,1.55E+15,0.389424,0.318562691,-1.121198556,13.65572305,7.390778,Plane_01,15.78947368,94.69245162,88.66363811,13.70537633
1.55E+15,1.55E+15,0.129807,0.66697101,-1.12116025,22.57575956,7.910988,Plane_01,15,92.84185659,88.30776407,22.61342014
1.55E+15,1.55E+15,0.440177,1.116478499,-1.071038877,33.43604774,8.060314,mcp_road_part_02,15,91.83367617,88.08752077,33.47182303
1.55E+15,1.55E+15,0.10931,0.073948616,-0.096458317,0.59094576,8.520988,Kooper,15,99.19995486,82.86730884,0.60331542
1.55E+15,1.55E+15,0.140073,0.07328178,-0.107907071,0.613137897,8.650794,Kooper,15,99.91222563,83.18438225,0.626859024
1.55E+15,1.55E+15,0.519231,0.122068782,-1.070636943,25.03785893,8.88117,mcp_road_part_02,15.73076923,92.44848825,89.72066419,25.06103637
1.55E+15,1.55E+15,0.240096,10.02886833,-0.990241193,75.15198051,9.470674,mcp_road_part_02,17.16666667,90.74828235,82.39891143,75.82465926
1.55E+15,1.55E+15,0.100527,0.038081687,-0.132805233,0.601440547,9.950399,Kooper,19.83333333,102.4276707,86.3770133,0.617104672
1.55E+15,1.55E+15,0.800718,2.08518047,-1.121057664,44.22100317,11.940671,mcp_road_part_02,24.10810811,91.45059743,87.30029618,44.28432984
1.55E+15,1.55E+15,0.299636,1.656446723,-1.120953109,26.6980131,13.14108,mcp_road_part_02,22,92.39962191,86.44970184,26.7728268
1.55E+15,1.55E+15,0.100529,1.204520722,-1.120885476,21.35711879,13.461208,mcp_road_part_02,21.4,92.99953947,86.77199348,21.42040564
1.55E+15,1.55E+15,0.109318,0.113267753,-0.081545333,0.56807156,13.581258,Kooper,21,98.01324269,78.72368106,0.584965403
1.55E+15,1.55E+15,0.179588,0.117351725,-0.087565111,0.610700287,13.711068,Kooper,21,98.01504569,79.12267356,0.628007895
1.55E+15,1.55E+15,0.129808,0.045857528,-0.074824667,0.656986904,13.901389,Kooper,20.71428571,96.48182132,86.00724418,0.662822326
1.55E+15,1.55E+15,0.129807,0.724436532,-1.121191665,14.12258724,14.231278,mcp_road_part_02,20,94.53325386,87.06351206,14.18553311
1.55E+15,1.55E+15,0.119768,0.539188726,-1.121138596,14.22839296,14.381581,mcp_road_part_02,20,94.50214368,87.82979968,14.28267631
1.55E+15,1.55E+15,0.520247,-0.408037132,-1.120960665,12.31775499,14.520869,mcp_road_part_02,19.53846154,95.19696731,91.8972824,12.37538424
1.55E+15,1.55E+15,0.110288,0.04624804,-0.073271833,0.702103543,15.180684,Kooper,19,95.94505484,86.23133229,0.707429875
1.55E+15,1.55E+15,0.139569,0.046793408,-0.07518225,0.699107021,15.321228,Kooper,19.44444444,96.12442273,86.17072681,0.704693281
1.55E+15,1.55E+15,0.18057,0.04515643,-1.120290539,12.08677258,15.750669,mcp_road_part_02,21,95.29542567,89.78594279,12.13866391
1.55E+15,1.55E+15,0.110196,0.919371002,-1.120269726,14.79118854,16.181095,mcp_road_part_02,22.66666667,94.32294437,86.44326095,14.86201554
1.55E+15,1.55E+15,0.109316,1.008146578,-1.120435214,16.70175054,16.361563,mcp_road_part_02,23,93.83097898,86.54571875,16.76962152
1.55E+15,1.55E+15,0.709553,1.182580491,-1.1709998,23.67024247,16.491371,Plane_01,22.53846154,92.82867051,87.13984425,23.72867708
1.55E+15,1.55E+15,0.269379,1.747176664,-1.171118538,22.18078713,17.22142,Plane_01,21.61538462,93.01302527,85.49612131,22.28029314
1.55E+15,1.55E+15,0.110289,4.459579643,-1.171134667,20.83827558,17.521055,Plane_01,21,93.14562354,77.92039933,21.34228516
1.55E+15,1.55E+15,0.300001,4.650372214,-1.1711424,20.08037929,17.650865,Plane_01,20.76190476,93.25198887,76.96085836,20.64507614
1.55E+15,1.55E+15,0.110285,3.360819136,-1.121161108,11.121526,17.990885,mcp_road_part_02,20,95.51198112,73.18568353,11.67220836
1.55E+15,1.55E+15,0.110288,3.479522717,-1.171159,11.28305084,18.11093,Plane_01,20,95.66456534,72.8610265,11.8653246
1.55E+15,1.55E+15,0.660091,1.86090148,-1.171133109,28.36073775,18.270994,Plane_01,19.19565217,92.35956995,86.24589529,28.44584245
1.55E+15,1.55E+15,0.110286,0.014776179,-1.170941444,13.49295339,18.961341,Plane_01,19,94.95979629,89.93725522,13.5436743
1.55E+15,1.55E+15,0.190323,-0.095953979,-1.170872375,11.97791589,19.081387,Plane_01,19,95.58289513,90.45898139,12.03539025
1.55E+15,1.55E+15,0.359756,0.943400152,-1.16091212,17.54212412,19.311722,Plane_01,19,93.7807824,86.92164834,17.60578994
1.55E+15,1.55E+15,0.439708,1.354292979,-1.131148533,18.80806798,19.681236,Plane_01,19.41935484,93.43285143,85.88147061,18.8906598
1.55E+15,1.55E+15,0.679921,1.061552503,-1.120261725,21.05785139,20.821254,Plane_01,21.95121951,93.04136658,87.11409142,21.11433127
1.55E+15,1.55E+15,0.2196,0.517528807,-1.120143,17.73704245,21.601702,Plane_01,24.25,93.61205397,88.32870638,17.77991089
1.55E+15,1.55E+15,0.269376,0.441175516,-1.07031971,18.60231634,21.841798,mcp_road_part_02,25,93.29206757,88.64141878,18.63830447
1.55E+15,1.55E+15,0.730456,1.147557964,-1.070947646,16.41558837,22.131673,mcp_road_part_02,24.26666667,93.72360658,86.00115245,16.49046269
1.55E+15,1.55E+15,0.180389,0.985959771,-1.070772591,22.64762722,22.881648,mcp_road_part_02,24,92.70435267,87.50721413,22.69435369
1.55E+15,1.55E+15,0.109312,0.062875216,-0.211212533,0.472419743,23.191845,Kooper,24.83333333,113.9019017,82.41895153,0.521291129
1.55E+15,1.55E+15,0.430412,1.402244399,-1.120631441,21.24830586,24.58167,mcp_road_part_02,28.41666667,93.01243056,86.22434106,21.32399133
1.55E+15,1.55E+15,0.410249,1.113526159,-1.121080815,27.66455533,25.031602,mcp_road_part_02,27.62962963,92.31871384,87.69503154,27.70964425
1.55E+15,1.55E+15,0.110288,1.21604383,-1.121167764,18.47546727,25.661452,mcp_road_part_02,26.16666667,93.46520672,86.23425893,18.54935768
1.55E+15,1.55E+15,0.190321,1.269691162,-1.121151182,17.92935946,25.79126,mcp_road_part_02,26,93.5692214,85.94928639,18.00919283
1.55E+15,1.55E+15,0.249857,0.372938469,-1.121100744,20.87907883,26.421756,mcp_road_part_02,24.33333333,93.07305226,88.97670158,20.91248151
1.55E+15,1.55E+15,0.120595,0.070167514,-0.079297,0.622320757,26.801421,Kooper,22.57142857,97.21633985,83.56699159,0.631264302
1.55E+15,1.55E+15,0.120671,0.072753783,-0.0833122,0.681996539,26.941535,Kooper,21.8,96.92579117,83.91085008,0.690907602
1.55E+15,1.55E+15,0.120045,2.902318031,-1.122120136,13.6432381,27.152181,mcp_road_part_02,19.6,94.59938099,77.9905248,13.99358959
1.55E+15,1.55E+15,0.249856,3.436366018,-1.121796399,15.20361938,27.291746,mcp_road_part_02,18.3125,94.11644524,77.2638454,15.6274464
1.55E+15,1.55E+15,0.120048,2.713921039,-1.12130098,14.49197173,27.591378,mcp_road_part_02,17.77777778,94.34907824,79.39303947,14.78647787
1.55E+15,1.55E+15,0.200079,2.304423338,-1.121256449,13.76208138,27.731923,mcp_road_part_02,17,94.59416523,80.49416528,13.99865946
1.55E+15,1.55E+15,0.109311,0.021538144,-0.0762896,0.676943679,28.132083,Kooper,17,96.42671438,88.17764959,0.681569321
1.55E+15,1.55E+15,0.20984,2.964952561,-1.120710972,13.51718118,28.421955,mcp_road_part_02,17.5,94.62998188,77.62827559,13.88384398
1.55E+15,1.55E+15,0.490523,1.774177335,-1.120645363,15.68218262,28.881944,mcp_roads_turn_01 (1),18.86956522,94.06157382,83.54538292,15.82195951
1.55E+15,1.55E+15,0.260592,2.053435903,-1.120268043,13.63128467,29.521789,mcp_roads_turn_01 (1),18.23529412,94.64602823,81.43329654,13.83052859
1.55E+15,1.55E+15,0.200091,4.555767195,-1.119607064,9.677577721,29.92195,mcp_roads_turn_01 (1),18,95.97553316,64.79105867,10.754722
1.55E+15,1.55E+15,0.20008,4.050014906,-1.119615463,8.362106655,30.141553,mcp_roads_turn_01 (1),17,96.87112874,64.15772419,9.358471415
1.55E+15,1.55E+15,0.130083,3.456409709,-1.119544922,7.170191475,30.421661,mcp_roads_turn_01 (1),17,98.00612691,64.26348602,8.038146223
1.55E+15,1.55E+15,0.169825,3.817609106,-1.11960843,7.491111402,30.581999,mcp_roads_turn_01 (1),16.57142857,97.5850692,62.99576669,8.482005208
1.55E+15,1.55E+15,0.129808,5.09987181,-1.119097692,6.942427689,31.031936,mcp_roads_turn_01 (1),16,97.40194095,53.69918693,8.686677981
1.55E+15,1.55E+15,0.230837,5.683282118,-1.118445462,6.167370611,31.501727,mcp_roads_turn_01 (1),15,97.59614302,47.33918049,8.460914616
1.55E+15,1.55E+15,0.100529,6.206162957,-1.117977676,5.598058547,32.0117,mcp_roads_turn_01 (1),14,97.61881723,42.05096663,8.432353896
1.55E+15,1.55E+15,0.129811,7.302287142,-1.11797724,6.554853652,32.202021,mcp_roads_turn_01 (1),14,96.49976277,41.91254303,9.87620256
1.55E+15,1.55E+15,0.139569,6.78522232,-1.117746023,6.252727835,32.352324,mcp_roads_turn_01 (1),13.5,96.90714416,42.66123208,9.294364071
1.55E+15,1.55E+15,0.109313,5.574192771,-1.118096964,6.325121045,32.762245,mcp_roads_turn_01 (1),13,97.55449041,48.61096801,8.504641209
1.55E+15,1.55E+15,0.179584,5.170916373,-1.118330845,6.189966931,32.892054,mcp_roads_turn_01 (1),13,97.89397095,50.12561004,8.142771679
1.55E+15,1.55E+15,0.109992,6.09410379,-1.118760925,8.246317538,33.221941,mcp_road_part_02,12,96.22675425,53.53526131,10.31462457
1.55E+15,1.55E+15,0.120049,4.80617609,-1.118837126,10.1030323,33.48235,mcp_road_part_02,12,95.71079846,64.55881033,11.24377102
1.55E+15,1.55E+15,0.129808,4.558222025,-1.118868322,10.15403436,33.622425,mcp_road_part_02,12,95.74038901,65.82433128,11.18631611
1.55E+15,1.55E+15,0.109312,4.131523609,-1.118653812,9.937807651,33.78249,mcp_road_part_02,12,95.93406108,67.42549085,10.82039253
1.55E+15,1.55E+15,0.129807,3.181212177,-1.117963323,9.237768384,33.982571,mcp_road_part_02,12,96.52773789,70.99781845,9.833937036
1.55E+15,1.55E+15,0.110531,2.833677779,-1.11722255,17.11608795,34.661866,mcp_road_part_02,16,93.68457072,80.59958363,17.38500454
1.55E+15,1.55E+15,0.140417,4.577372587,-1.118541429,61.61503672,34.992124,mcp_roads_T_cross_01,18,91.03715919,85.75130912,61.79495307
1.55E+15,1.55E+15,0.110288,1.666571039,-1.120558411,31.30492204,35.272109,mcp_road_part_02,19,92.04712844,86.95263795,31.36927245
1.55E+15,1.55E+15,0.410898,1.003803889,-1.120580645,22.38740603,35.401917,mcp_road_part_02,18.68421053,92.86262378,87.43269809,22.43789812
1.55E+15,1.55E+15,0.400161,1.083401212,-1.120690282,17.58895342,35.832334,mcp_road_part_02,18.06666667,93.63882765,86.4752882,17.65788739
1.55E+15,1.55E+15,0.110288,2.890633956,-1.119736999,28.61892676,36.402319,mcp_road_part_02,20.2,92.22926659,84.23244152,28.78632565
1.55E+15,1.55E+15,0.149836,-0.016113869,-0.087233,0.612876899,36.872628,Kooper,22.125,98.09794425,91.50608386,0.619263552
1.55E+15,1.55E+15,0.110291,1.097513852,-1.120962989,15.33245328,37.162316,mcp_road_part_02,22,94.17084827,85.9056885,15.41250201
1.55E+15,1.55E+15,0.140544,0.063433133,-0.0707575,0.632687326,37.372157,Kooper,21,96.34966831,84.2746666,0.639784056
1.55E+15,1.55E+15,0.229361,0.004278559,-1.121350943,17.16492741,37.592732,mcp_road_part_02,21,93.73770929,89.98571836,17.20151677
1.55E+15,1.55E+15,0.110287,0.094164154,-0.080028167,0.5817597,38.002286,Kooper,20,97.73317212,80.80579254,0.594740064
1.55E+15,1.55E+15,0.280112,0.10303455,-0.083314769,0.605258417,38.132261,Kooper,19.76923077,97.72779892,80.33901756,0.619592786
1.55E+15,1.55E+15,0.140543,3.491640303,-1.121135906,12.70265916,38.45239,mcp_road_part_02,19,94.8643466,74.63042053,13.2214238
1.55E+15,1.55E+15,0.249764,3.254260199,-1.121044041,11.43834508,38.612454,mcp_road_part_02,19,95.38516823,74.11871088,11.94498586
1.55E+15,1.55E+15,0.110288,0.050259784,-0.072600833,0.659948326,39.172628,Kooper,18,96.25987498,85.64492342,0.665829347
1.55E+15,1.55E+15,0.160064,3.839499221,-1.121294338,16.50115793,39.562052,mcp_roads_T_cross_01,17,93.78656761,76.90145101,16.97902436
1.55E+15,1.55E+15,0.110289,4.347420452,-1.121500624,9.401362668,39.962212,mcp_roads_T_cross_01,16.33333333,96.17963286,65.18302222,10.4184187
1.55E+15,1.55E+15,0.18056,3.28907196,-1.121388151,10.50157907,40.232565,mcp_roads_T_cross_01,16,95.81845843,72.60955615,11.06158527
1.55E+15,1.55E+15,0.179914,0.116306739,-0.073387222,0.641893991,40.692694,Kooper,16.11111111,96.41864016,79.72982782,0.656460843
1.55E+15,1.55E+15,0.110796,5.254701989,-1.119240498,8.043601127,41.052288,mcp_roads_T_cross_01,17.66666667,96.64454577,56.84432641,9.672854355
1.55E+15,1.55E+15,0.129809,5.840596822,-1.117840532,7.978904465,41.342667,mcp_roads_T_cross_01,19.28571429,96.44981958,53.79569108,9.951133361
1.55E+15,1.55E+15,0.129808,5.077139099,-1.116790362,7.261929284,41.492972,mcp_roads_T_cross_01,20.33333333,97.18355844,55.04088377,8.930855451
1.55E+15,1.55E+15,0.250833,3.75189442,-1.114219274,6.099373754,41.6423,mcp_roads_T_cross_01,21.58333333,98.84412039,58.40317127,7.247106769
1.55E+15,1.55E+15,0.109312,4.742721206,-1.111305585,7.053309101,41.933148,mcp_roads_T_cross_01,22.83333333,97.44908425,56.08268761,8.571906078
1.55E+15,1.55E+15,0.259331,6.878122836,-1.109680581,7.517944676,42.093212,mcp_roads_T_cross_01,22.84615385,96.21519987,47.54479094,10.24985156
1.55E+15,1.55E+15,0.130222,9.077542279,-1.108701641,9.30585677,42.422812,mcp_roads_T_cross_01,22,94.87464932,45.71155417,13.04722052
1.55E+15,1.55E+15,0.15056,-0.175013638,-1.120987485,11.32162664,43.92257,mcp_road_part_01,19,95.65392187,90.88562753,11.37833347
1.55E+15,1.55E+15,0.250872,0.591373359,-1.121503677,19.69246866,44.10241,mcp_road_part_01,18.5,93.25805926,88.27989989,19.73324137
1.55E+15,1.55E+15,0.389932,-0.386201571,-1.121384951,14.0675757,44.372805,mcp_road_part_01,18,94.55593818,91.57256402,14.11748355
1.55E+15,1.55E+15,0.329887,0.978253708,-1.120925411,21.78549879,44.79299,mcp_road_part_01,18.375,92.94247236,87.42892359,21.83624079
1.55E+15,1.55E+15,0.109313,0.07316144,-0.080007,0.617035487,45.19315,Kooper,19.83333333,97.33712421,83.23805201,0.626487437
1.55E+15,1.55E+15,0.110288,-0.065542973,-1.120424857,12.26788775,45.662606,mcp_road_part_01,22.83333333,95.21826641,90.30610812,12.31912001
1.55E+15,1.55E+15,0.110288,-0.007134888,-0.080818833,0.59320833,45.792414,Kooper,23.83333333,97.75766947,90.68909903,0.598730919
1.55E+15,1.55E+15,0.150036,0.003569275,-0.094673162,0.590329378,45.932959,Kooper,24.75,99.11097531,89.65357996,0.597883368
1.55E+15,1.55E+15,0.72004,-0.557365247,-1.120831364,32.65962532,47.5226,mcp_roads_cross_01,31.84848485,91.9652514,90.97770799,32.68360514
1.55E+15,1.55E+15,0.120048,0.236512495,-1.119656134,20.53923394,48.282656,mcp_road_part_01,33.28571429,93.12007245,89.34025929,20.5710889
1.55E+15,1.55E+15,0.139571,0.941390949,-1.119376558,30.57154141,48.4232,mcp_roads_cross_01,34.875,92.09595482,88.23624563,30.60650854
1.55E+15,1.55E+15,0.120048,0.368096744,-1.119917973,20.79796869,49.422723,mcp_roads_cross_01,38,93.08177425,88.98604578,20.83135169
1.55E+15,1.55E+15,1.319775,0.239802508,-1.120404794,31.35998093,49.563269,mcp_road_part_01,39.50746269,92.04608859,89.56188099,31.38090528
1.55E+15,1.55E+15,0.149329,0.064349924,-0.2580965,0.21860822,51.703531,Kooper,37,138.5575715,73.59758183,0.344302585
1.55E+15,1.55E+15,0.279582,1.252182651,-1.120856014,38.82079034,51.943629,mcp_road_part_01,37,91.65295781,88.15253851,38.85714918
1.55E+15,1.55E+15,0.319818,0.826420743,-1.120627521,19.50854586,52.303243,mcp_road_part_01,37,93.28468361,87.57428732,19.5581732
1.55E+15,1.55E+15,1.58059,1.479402327,-1.120351743,63.957261,52.632821,mcp_roads_cross_01,38.43209877,91.00329033,88.67492142,63.98417815
1.55E+15,1.55E+15,0.140548,0.056882076,0.007495731,3.011529501,55.422925,FAR,37,89.85741588,88.91792015,3.012075977
1.55E+15,1.55E+15,0.21998,-2.872874962,-1.120809069,27.278169,55.603486,mcp_roads_cross_01,36.25,92.33992648,96.01209868,27.45192393
1.55E+15,1.55E+15,0.210816,0.690837576,-1.120843875,26.30762993,55.883003,mcp_roads_cross_01,36,92.43878744,88.49576025,26.34055695
1.55E+15,1.55E+15,0.490455,0.530467729,-1.120650417,24.12357123,56.113338,mcp_roads_cross_01,35.03846154,92.65909743,88.74029163,24.15541228
1.55E+15,1.55E+15,0.149807,-0.07459508,-1.120735066,18.25063665,56.623312,mcp_roads_cross_01,34.11111111,93.51397725,90.23418139,18.28516747
1.55E+15,1.55E+15,0.179617,-0.113705473,-1.12073677,23.64213333,56.793619,mcp_roads_cross_01,34,92.71399837,90.27555861,23.66895537
1.55E+15,1.55E+15,0.140544,-1.876711153,-1.120659556,16.36105672,57.013253,mcp_roads_cross_01,34,93.89293797,96.54357,16.50642601
1.55E+15,1.55E+15,0.240096,-1.988663256,-1.120645779,15.65996861,57.173317,mcp_roads_cross_01,34,94.06067493,97.23726702,15.82546194
1.55E+15,1.55E+15,0.22936,-2.446210558,-1.120658155,28.03719111,57.553957,mcp_road_part_01,34,92.2802642,94.98635948,28.16600622
1.55E+15,1.55E+15,0.219599,-2.166206965,-1.120850207,24.18038338,57.813574,mcp_road_part_01,34,92.64340052,95.1191942,24.30308001
1.55E+15,1.55E+15,0.269518,-0.824323447,-1.120900805,29.45752726,58.053669,mcp_road_part_01,33.14285714,92.17828268,91.60291567,29.4903686
1.55E+15,1.55E+15,0.409943,0.722463181,-1.120934497,31.52402467,58.343472,mcp_road_part_01,32.61904762,92.03593705,88.68713317,31.55221986
1.55E+15,1.55E+15,0.200081,-1.76742715,-1.120946843,19.18026766,58.783671,mcp_road_part_01,32,93.33063729,95.26483483,19.29411796
1.55E+15,1.55E+15,0.280118,-1.612137145,-1.120952216,14.9802456,59.003777,mcp_road_part_01,31.5,94.25491571,96.14239073,15.10838437
1.55E+15,1.55E+15,0.170654,-1.85529957,-1.120964423,14.09417233,59.30341,mcp_road_part_01,31,94.50865147,97.49906727,14.2598875
1.55E+15,1.55E+15,0.120048,0.696620316,-1.121003072,17.20757062,59.533599,mcp_road_part_01,31,93.72427748,87.68174011,17.25811156
1.55E+15,1.55E+15,0.179592,0.860799307,-1.12100887,15.92847298,59.674143,mcp_road_part_01,30.11111111,94.01985953,86.90665651,15.99105649
1.55E+15,1.55E+15,0.119578,3.052501748,-1.121019271,21.39519676,59.893748,mcp_road_part_01,30,92.96930392,81.8802773,21.64090792
1.55E+15,1.55E+15,0.210024,0.405475158,-1.121035619,27.02883057,60.17339,mcp_roads_T_cross_01,29.33333333,92.37474586,89.14053726,27.05510697
1.55E+15,1.55E+15,0.18086,-1.51006156,-1.121050591,11.91565402,60.43319,mcp_road_part_01,29,95.33229084,97.22254834,12.06316091
1.55E+15,1.55E+15,0.109767,0.0243632,-0.123175117,0.554724828,60.813661,Kooper,28.16666667,102.5075761,87.48521791,0.568757689
1.55E+15,1.55E+15,0.249856,-1.034917202,-1.121390768,10.60647364,61.013726,mcp_roads_T_cross_01,27.61538462,96.00697281,95.57294312,10.71568262
1.55E+15,1.55E+15,0.110289,0.060666387,-0.219038517,0.446018275,61.663746,Kooper,21,115.9483351,82.2542928,0.500590236
1.55E+15,1.55E+15,0.109316,0.090373865,-0.212666117,0.47297727,61.844302,Kooper,19.5,113.8283172,79.18262896,0.526404607
1.55E+15,1.55E+15,0.109312,0.095748247,-0.21214095,0.502939666,61.974111,Kooper,19,112.507156,79.22117522,0.55418392
1.55E+15,1.55E+15,0.120048,-6.156602611,-1.125071792,6.406126943,63.374207,mcp_roads_T_cross_01,17,97.21677173,133.8621253,8.955892176
1.55E+15,1.55E+15,0.109743,-6.28722766,-1.125609275,6.153236753,63.534271,mcp_roads_T_cross_01,17,97.29138746,135.6170844,8.868965579
1.55E+15,1.55E+15,0.110288,-6.306996437,-1.125978719,6.008459,63.653774,mcp_roads_T_cross_01,17,97.36526408,136.388628,8.783371317
1.55E+15,1.55E+15,0.160064,-6.193424659,-1.126332278,6.050224178,63.783586,mcp_roads_T_cross_01,16.25,97.41193315,135.6700951,8.731113675
1.55E+15,1.55E+15,0.10982,-0.519026281,-0.116832778,0.677593719,64.404175,Kooper,16,97.7942716,127.4515548,0.861493718
1.55E+15,1.55E+15,0.109818,-0.444387761,-0.109318111,0.681817266,64.644311,Kooper,16,97.65028394,123.0950859,0.821161199
1.55E+15,1.55E+15,0.120052,-0.452552465,-0.105101455,0.693959425,65.164049,Kooper,13,97.22993318,123.1096175,0.835122585
1.55E+15,1.55E+15,0.120049,-0.447595316,-0.1059319,0.692968908,65.293857,Kooper,13,97.31728608,122.8588081,0.831726543
1.55E+15,1.55E+15,0.11029,-4.070395246,-1.124373535,8.502060025,65.564209,mcp_road_part_02,12,96.80220484,115.5829554,9.493016274
1.55E+15,1.55E+15,0.150304,-2.494348238,-1.123873713,9.468530479,66.103938,mcp_road_part_02,12,96.54774001,104.7584439,9.855857887
1.55E+15,1.55E+15,0.120047,-1.918655658,-1.1235572,11.82588472,66.413843,mcp_road_part_02,13.75,95.35764419,99.21548586,12.03308646
1.55E+15,1.55E+15,0.110288,0.692631254,-1.120307192,19.0865171,67.003632,mcp_road_part_02,18.66666667,93.35698921,87.92170353,19.1319095
1.55E+15,1.55E+15,0.120047,0.807301448,-1.119258611,17.51555334,67.144174,mcp_road_part_02,19.625,93.65241049,87.36107374,17.5698345
1.55E+15,1.55E+15,0.540705,0.353756558,-1.120167255,18.08143492,67.273981,mcp_road_part_02,20,93.54433728,88.87917235,18.11955317
1.55E+15,1.55E+15,0.110289,0.31814156,0.32681157,2.928871316,67.853725,FAR,20,83.67004398,83.80068995,2.964170549
1.55E+15,1.55E+15,0.130314,1.338171188,-1.120536195,25.67889725,68.01379,mcp_road_part_02,20,92.49521849,87.01691745,25.73814422
1.55E+15,1.55E+15,0.100059,0.61225279,-1.12023387,21.05721281,68.18412,mcp_road_part_02,20,93.04395398,88.33455544,21.09587611
1.55E+15,1.55E+15,0.289701,-1.096305335,-1.120288606,14.64009482,68.404264,mcp_road_part_02,20.45,94.36368662,94.28253042,14.72376678
1.55E+15,1.55E+15,0.259654,0.027666424,-1.120626241,16.78121932,68.70468,mcp_road_part_02,20.72222222,93.82045423,89.90553917,16.81861738
1.55E+15,1.55E+15,0.110795,0.013166345,-1.120830696,17.21095503,68.983854,mcp_road_part_02,20,93.7260161,89.95616886,17.24741742
1.55E+15,1.55E+15,0.139567,-1.606170982,-1.120889741,13.89699143,69.144426,mcp_road_part_02,20,94.58095998,96.59281592,14.03433467
1.55E+15,1.55E+15,0.110287,-1.497964414,-1.120912595,13.02621775,69.293754,mcp_road_part_02,19.77777778,94.88617119,96.55997662,13.15988949
1.55E+15,1.55E+15,0.379665,-0.326216509,-1.121262515,11.48947061,69.424537,mcp_road_part_02,19,95.571639,91.62634204,11.54866147
1.55E+15,1.55E+15,0.110289,-1.241154989,-1.121728048,10.85359205,69.914489,mcp_road_part_02,18,95.86267889,96.52368108,10.9817667
1.55E+15,1.55E+15,0.2196,-1.471379157,-1.121639055,10.39363065,70.034538,mcp_roads_T_cross_01,18,96.09894954,98.05756174,10.5570161
1.55E+15,1.55E+15,0.129809,-1.43913257,-1.12129225,11.24502564,70.734598,mcp_roads_T_cross_01,17,95.64862813,97.29303973,11.39205866
1.55E+15,1.55E+15,0.289872,-1.331902612,-1.121670027,10.45257006,70.874167,mcp_roads_T_cross_01,17,96.07623839,97.26169297,10.59661876
1.55E+15,1.55E+15,0.109363,-1.730365481,-1.122928725,9.479159879,71.184535,mcp_roads_T_cross_01,17,96.64710433,100.3451069,9.701010547
1.55E+15,1.55E+15,0.179583,-1.572244363,-1.123664461,8.416539866,71.304634,mcp_roads_T_cross_01,17,97.47657183,100.5811338,8.635549633
1.55E+15,1.55E+15,0.110289,-3.884340894,-1.12576135,4.810755533,72.134344,mcp_roads_T_cross_01,17,100.3187524,128.9183932,6.284808
1.55E+15,1.55E+15,0.109311,-3.946235735,-1.125805956,4.924653863,72.314905,mcp_roads_T_cross_01,17,100.1149439,128.7059804,6.410337838
1.55E+15,1.55E+15,0.10982,-3.963650295,-1.126217339,9.359016694,72.974681,mcp_roads_T_cross_01,17,96.32299732,112.9532117,10.22595143
1.55E+15,1.55E+15,0.229866,-0.883288789,-1.122386026,9.314372413,74.305025,mcp_road_part_01,17,96.84064122,95.41720096,9.423241636
1.55E+15,1.55E+15,0.100528,-0.182921573,-1.120245865,14.36595681,74.924315,mcp_road_part_01,18,94.45849615,90.72950712,14.41072955
1.55E+15,1.55E+15,0.170803,-0.171402598,-1.12003382,14.53406766,75.054123,mcp_road_part_01,19.44444444,94.40635018,90.67566702,14.57816783
1.55E+15,1.55E+15,0.180561,0.327100127,-1.120052908,16.2737729,75.254203,mcp_road_part_01,21.11111111,93.93641739,88.84851942,16.31555078
1.55E+15,1.55E+15,0.240132,-0.081273094,-1.119899754,16.53303265,75.454284,mcp_road_part_01,23,93.87508397,90.28165237,16.57111793
1.55E+15,1.55E+15,0.11029,-0.102799388,-1.119648067,16.99204064,75.724673,mcp_road_part_01,24.5,93.76984367,90.34662695,17.02919918
1.55E+15,1.55E+15,0.120047,0.027630697,-0.0705688,0.570639072,75.874977,Kooper,25,97.04159513,87.22786799,0.575649512
1.55E+15,1.55E+15,0.10982,0.026404383,-0.080022833,0.578712419,76.055057,Kooper,25,97.86470634,87.38762952,0.584815278
1.55E+15,1.55E+15,0.129807,-0.393072259,-1.121114194,11.43441671,76.195133,mcp_road_part_01,25,95.59651586,91.9688382,11.49596835
1.55E+15,1.55E+15,0.110288,-0.220961999,-1.121448525,10.92406,76.484536,mcp_road_part_01,24,95.8601802,91.15876916,10.98369509
1.55E+15,1.55E+15,0.18056,0.637155648,-1.121580115,13.67172564,76.614344,mcp_road_part_01,24,94.68477942,87.33172423,13.73244302
1.55E+15,1.55E+15,0.220577,0.327153866,-1.121688555,15.10459103,76.894456,mcp_roads_cross_01,23,94.24607867,88.75921133,15.14971567
1.55E+15,1.55E+15,0.139632,1.131748265,-1.1216693,14.89806707,77.315153,mcp_roads_cross_01,22.33333333,94.29332841,85.65580601,14.98303703
1.55E+15,1.55E+15,0.41968,0.805799165,-1.12165895,16.26029733,77.565074,mcp_roads_cross_01,21.6,93.94127371,87.16295762,16.31884495
1.55E+15,1.55E+15,0.240096,0.526647122,-1.121557732,15.18803531,78.015011,mcp_roads_cross_01,21,94.22080343,88.014057,15.23849289
1.55E+15,1.55E+15,0.110287,0.507347602,-1.121220247,15.71040719,78.27463,mcp_roads_cross_01,20.33333333,94.08004379,88.15034855,15.75853517
1.55E+15,1.55E+15,0.289871,1.096588085,-1.120805598,19.53366674,78.415172,mcp_roads_cross_01,20,93.27877377,86.78688127,19.59650088
1.55E+15,1.55E+15,0.160061,-0.010171883,-0.137022614,0.515776503,78.764582,Kooper,20.85714286,104.8749392,91.12981191,0.533764053
1.55E+15,1.55E+15,0.230337,-0.25781851,-1.120009697,12.30700122,79.044691,mcp_roads_cross_01,22.81818182,95.19879564,91.20010975,12.36054898
1.55E+15,1.55E+15,0.190357,0.375985311,-1.119798426,14.44328654,79.564431,mcp_roads_cross_01,26.33333333,94.43181903,88.50882226,14.49150922
1.55E+15,1.55E+15,0.11029,0.47730037,-1.120113672,14.82019344,80.044697,mcp_roads_cross_01,28.83333333,94.31997949,88.155365,14.87012454
1.55E+15,1.55E+15,0.269376,-0.07849353,-1.120851793,18.15988021,80.555147,mcp_road_part_01,28,93.53185789,90.24765141,18.19460687
1.55E+15,1.55E+15,0.369904,2.712816189,-1.120749293,47.90108755,80.84502,mcp_road_part_01,28,91.33817033,86.75859009,47.99093288
1.55E+15,1.55E+15,0.270349,-0.022364176,-1.120617255,43.63758209,81.234447,mcp_road_part_01,28.76923077,91.47103756,90.02936397,43.65197422
1.55E+15,1.55E+15,0.109316,6.465096923,-1.061112156,37.70790101,81.525292,mcp_road_part_01,29,91.58872614,80.27111464,38.27282633
1.55E+15,1.55E+15,0.200588,4.398166912,-1.120432131,26.61203843,81.664393,mcp_road_part_01,29.4,92.37864053,80.61556551,26.99629289
1.55E+15,1.55E+15,0.159597,-0.080816571,-1.120323514,14.6584953,81.904995,mcp_road_part_01,30,94.37045484,90.31588518,14.7014673
1.55E+15,1.55E+15,0.139568,0.059405142,-1.120264081,17.49152792,82.085088,mcp_road_part_01,30.71428571,93.66454484,89.80541146,17.52746615
1.55E+15,1.55E+15,0.230336,2.060516746,-1.120467551,39.31269737,82.245152,mcp_road_part_01,31.36363636,91.63033224,86.99967213,39.38260214
1.55E+15,1.55E+15,0.17958,1.656819989,-1.120786976,30.46165208,82.495012,mcp_road_part_01,32,92.10404745,86.88672995,30.52725771
1.55E+15,1.55E+15,0.139569,-0.007673165,-1.121083808,13.57405249,82.695088,mcp_road_part_01,32,94.721354,90.03238826,13.62027125
1.55E+15,1.55E+15,0.450009,3.084971078,-1.120043632,58.12862294,83.525154,mcp_roads_cross_01,36.0952381,91.10230861,86.96207918,58.22120188
1.55E+15,1.55E+15,0.960386,0.624696821,-1.11978552,29.25309017,83.994683,mcp_road_part_01,38.04761905,92.19166834,88.77664029,29.28117911
1.55E+15,1.55E+15,0.339649,-0.076460965,-1.12042928,14.9398139,84.975564,mcp_road_part_01,38,94.2888809,90.2932334,14.98196407
1.55E+15,1.55E+15,0.480114,1.650110614,-1.120386157,25.80778639,85.334732,mcp_roads_cross_01,37.18181818,92.48074539,86.34157494,25.88474394
1.55E+15,1.55E+15,0.160064,1.886149138,-1.120149522,28.53393216,85.835342,mcp_roads_cross_01,36.375,92.24320145,86.21813792,28.61813373
1.55E+15,1.55E+15,0.400161,0.134254753,-1.120405751,17.7779924,86.014925,mcp_roads_cross_01,35.84210526,93.60602645,89.56732547,17.81376847
1.55E+15,1.55E+15,0.410131,0.721606503,-1.120867667,20.792037,86.445342,mcp_roads_cross_01,35,93.08388992,88.01229581,20.83472733
1.55E+15,1.55E+15,0.599897,0.011367267,-1.120689202,20.31747415,86.874997,mcp_roads_cross_01,34,93.15717146,89.96794403,20.34836183
1.55E+15,1.55E+15,0.319659,0.82148299,-1.120290298,23.67036958,87.505657,mcp_roads_cross_01,35,92.70809074,88.01234091,23.71110036
1.55E+15,1.55E+15,0.20008,1.182378891,-1.120526791,33.19257179,87.844839,mcp_road_part_01,35.9,91.93225269,87.95988427,33.23252055
1.55E+15,1.55E+15,0.350384,0.234711715,-1.120728695,40.20460887,88.075172,mcp_road_part_01,36.17647059,91.59671511,89.66551502,40.22091118
1.55E+15,1.55E+15,0.109819,0.054659429,-0.21246372,0.313897309,89.295173,Kooper,34.8,123.6962788,80.12204086,0.382962147
1.55E+15,1.55E+15,0.169824,4.70247382,-1.109701671,79.64986342,89.615844,mcp_roads_T_cross_01,34,90.79682005,86.6212182,79.79627461
1.55E+15,1.55E+15,0.390399,2.459646579,-1.120613457,47.73312552,89.81495,mcp_road_part_01,34.5,91.34308414,87.05020712,47.80959012
1.55E+15,1.55E+15,0.269377,2.356703003,-1.120833497,18.29716093,90.225844,mcp_road_part_01,34.53846154,93.4767514,82.66062218,18.4823271
1.55E+15,1.55E+15,0.110289,1.262572452,-1.120897849,14.48634044,90.765846,mcp_road_part_01,34,94.4078697,85.01891219,14.58439442
1.55E+15,1.55E+15,0.570238,0.444327013,-1.120929406,16.1901053,90.895654,mcp_road_part_01,32.88461538,93.95909342,88.42794884,16.23494437
1.55E+15,1.55E+15,0.160574,1.005778395,-1.120937894,16.87195905,91.485412,mcp_road_part_01,32,93.79431041,86.5884969,16.93904053
1.55E+15,1.55E+15,0.329885,3.562503221,-1.121014426,21.28181372,91.665509,mcp_road_part_01,31.8,92.97395099,80.49699094,21.6070289
1.55E+15,1.55E+15,0.199108,1.383354408,-1.121621102,15.57767591,92.01589,mcp_road_part_01,30.2,94.10220578,84.92523798,15.67914826
1.55E+15,1.55E+15,0.209842,1.134768666,-1.121941267,14.45280665,92.235493,mcp_road_part_01,28,94.42528504,85.510606,14.54063521
1.55E+15,1.55E+15,0.259616,0.237951341,-1.121904283,15.60802399,92.475591,mcp_road_part_01,25.61538462,94.11087179,89.12656775,15.65010233
1.55E+15,1.55E+15,0.270859,1.797771036,-1.121208596,15.76623042,92.805479,mcp_road_part_01,24.92307692,94.04161416,83.49484845,15.90795748
1.55E+15,1.55E+15,0.200116,3.257371444,-1.120587023,14.63561727,93.166132,mcp_roads_T_cross_01,25,94.27417259,77.45249573,15.03554046
1.55E+15,1.55E+15,0.149328,0.120241298,-0.074923714,0.595092563,93.65612,Kooper,26.125,97.03522522,78.57691016,0.611724359
1.55E+15,1.55E+15,0.160063,0.052815697,-0.085459857,0.567786752,93.986009,Kooper,27,98.52331377,84.68562191,0.576606174
1.55E+15,1.55E+15,0.109307,3.958503403,-1.120138245,10.80210892,94.236038,mcp_roads_T_cross_01,27,95.56105044,69.87431012,11.55897988
1.55E+15,1.55E+15,0.120049,4.330817589,-1.120007617,11.9561363,94.365841,mcp_roads_T_cross_01,27,95.03341108,70.08832099,12.76556279
1.55E+15,1.55E+15,0.11029,3.913056041,-1.119852392,9.387063,94.545425,mcp_roads_T_cross_01,26.16666667,96.28371135,67.37087937,10.23147246
1.55E+15,1.55E+15,0.109312,4.005632954,-1.11849612,9.27204804,94.685969,mcp_roads_T_cross_01,26,96.31912764,66.63509207,10.16203738
1.55E+15,1.55E+15,0.110288,8.727962983,-1.115952505,13.69076469,94.955848,mcp_roads_T_cross_01,26,93.93188952,57.48219035,16.27451153
1.55E+15,1.55E+15,0.110289,6.470876791,-1.107087056,6.164454377,95.685427,mcp_roads_T_cross_01,24,97.06152222,43.61077876,9.005464228
1.55E+15,1.55E+15,0.160062,-0.102575865,-1.119176226,13.83987279,97.11575,mcp_road_part_02,21.375,94.62309845,90.42464672,13.88542963
1.55E+15,1.55E+15,0.109313,-0.839498885,-1.120371462,16.02030939,97.296307,mcp_road_part_02,22,93.99497175,92.99967917,16.0813651
1.55E+15,1.55E+15,0.190319,-0.182264028,-1.121934382,17.94831327,97.445636,mcp_road_part_02,22.27272727,93.57667449,90.58181515,17.9842683
1.55E+15,1.55E+15,0.140544,-0.330758517,-1.122741914,19.36545795,97.645716,mcp_road_part_02,23,93.31761292,90.9785064,19.40079669
1.55E+15,1.55E+15,0.120048,-0.050555417,-1.122981122,15.63950995,97.80578,mcp_road_part_02,23,94.10700248,90.18521053,15.67985695
1.55E+15,1.55E+15,0.199122,0.826729211,-1.123035978,37.25008043,97.946324,mcp_roads_cross_02,23.6,91.72643681,88.72858477,37.27617447
1.55E+15,1.55E+15,0.329889,0.695803796,-1.123188516,22.95441828,98.16643,mcp_road_part_02,23,92.80003612,88.26375834,22.99241209
1.55E+15,1.55E+15,0.380139,1.453679509,-1.121668248,17.35976102,98.525602,mcp_road_part_02,23.45,93.68406155,85.21330759,17.45659264
1.55E+15,1.55E+15,0.110287,1.665724269,-1.120467359,15.62095307,99.065805,mcp_road_part_02,25,94.07966299,83.91332405,15.74942091
1.55E+15,1.55E+15,0.300609,3.813051031,-1.1183763,16.91060798,99.355677,mcp_roads_cross_02,26.70588235,93.69131495,77.29329043,17.37120566
1.55E+15,1.55E+15,0.140544,4.673890094,-1.118496917,11.35330691,99.805613,mcp_roads_cross_02,27,95.20525455,67.62418435,12.32857907
1.55E+15,1.55E+15,0.10931,2.177733408,-1.117800594,11.028583,100.016431,mcp_roads_cross_02,27,95.67853122,78.82992251,11.296975
1.55E+15,1.55E+15,0.209843,2.276799902,-1.1182614,10.88515507,100.146238,mcp_roads_cross_02,26.75,95.74216435,78.18601734,11.17680309
1.55E+15,1.55E+15,0.149933,2.210852729,-1.1186171,10.44303727,100.365838,mcp_roads_cross_02,26,95.9823856,78.04663986,10.73294933
1.55E+15,1.55E+15,0.179584,3.519133634,-1.118459259,7.251955681,100.676344,mcp_roads_cross_02,26,97.89959767,64.11423862,8.137942851
1.55E+15,1.55E+15,0.129808,5.436320641,-1.115511986,7.213650695,101.056008,mcp_roads_cross_02,25,97.0401854,52.99774598,9.101357341
1.55E+15,1.55E+15,0.109312,6.074415694,-1.114432882,7.762091038,101.206312,mcp_roads_cross_02,25,96.45086263,51.95416715,9.919200772
1.55E+15,1.55E+15,0.110288,5.986001726,-1.113468634,7.379664876,101.336121,mcp_roads_cross_02,25,96.68345013,50.95282642,9.567208723
1.55E+15,1.55E+15,0.120045,5.69694347,-1.112103028,6.576588489,101.515708,mcp_roads_cross_02,24,97.28370243,49.09938373,8.771741799
1.55E+15,1.55E+15,0.22996,5.677264341,-1.11142543,6.29563668,101.656249,mcp_roads_cross_02,24,97.46913261,47.95656603,8.549949596
1.55E+15,1.55E+15,0.18013,5.64884255,-1.111136628,6.001394148,101.916459,mcp_roads_cross_02,23.75,97.67822505,46.73331723,8.316295959
1.55E+15,1.55E+15,0.109312,9.725353429,-1.111136629,11.19772307,102.146365,mcp_road_part_02,23,94.28446246,49.02530319,14.87299989
1.55E+15,1.55E+15,0.200086,0.030764236,-0.081790667,0.530941918,103.385791,Kooper,22.33333333,98.74303542,86.68383268,0.538085004
1.55E+15,1.55E+15,0.270353,-0.011601003,-0.088316,0.686869239,103.635647,Kooper,23,97.32572121,90.96761548,0.692620856
1.55E+15,1.55E+15,0.110168,-0.015783416,-0.098210167,0.58854676,104.066063,Kooper,23,99.47025421,91.53616756,0.596893326
1.55E+15,1.55E+15,0.19961,0.035185995,-0.0851719,0.605600794,104.396375,Kooper,23,97.99228668,86.67479777,0.612572141
1.55E+15,1.55E+15,0.240099,0.032058608,-0.076852667,0.613071745,104.616482,Kooper,23,97.13549151,87.00662857,0.6187011
1.55E+15,1.55E+15,0.230336,0.837141597,-1.120225718,16.53180198,104.986386,mcp_road_part_02,24.66666667,93.87159725,87.10111784,16.59084653
1.55E+15,1.55E+15,1.410761,0.942201998,-1.119978236,19.71710402,105.236242,mcp_road_part_02,29.87931034,93.24734495,87.26414371,19.77135015
1.55E+15,1.55E+15,0.160064,-2.803402891,-1.12059806,12.90889325,106.736795,mcp_road_part_02,31,94.84884164,102.2525746,13.257237
1.55E+15,1.55E+15,0.129812,1.220402046,-1.120732491,23.93845625,107.00617,mcp_road_part_02,30.85714286,92.6770016,87.08154103,23.99573108
1.55E+15,1.55E+15,0.529973,1.245477839,-1.120470532,24.54780985,107.156474,mcp_roads_cross_02,30,92.61006603,87.09548486,24.60491084
1.55E+15,1.55E+15,0.290789,0.232122824,-1.119638559,21.27374413,107.705967,mcp_roads_cross_02,30.07142857,93.01252207,89.37485709,21.30445167
1.55E+15,1.55E+15,0.12921,0.016253296,-1.119519736,19.4607675,108.027012,mcp_roads_cross_02,31,93.29242491,89.95214757,19.49294899
1.55E+15,1.55E+15,0.389759,0.731875422,-1.120014555,24.47458112,108.176717,mcp_roads_cross_02,31.61111111,92.6189929,88.28716659,24.51112391
1.55E+15,1.55E+15,0.229354,0.181283125,-1.120823955,20.80374784,108.586975,mcp_roads_cross_02,31.18181818,93.08377248,89.50073923,20.83470744
1.55E+15,1.55E+15,0.549489,-0.02394301,-1.120906221,18.25608987,108.836825,mcp_roads_cross_02,30.64,93.51349163,90.07514384,18.29048445
1.55E+15,1.55E+15,0.279531,-0.719062459,-1.120664433,26.78414159,109.40681,mcp_roads_cross_02,30.23076923,92.39503014,91.53782604,26.81721799
1.55E+15,1.55E+15,0.109674,-0.452587238,-1.120509639,19.76546244,109.70684,mcp_roads_cross_02,31,93.24379255,91.31172281,19.80237063
1.55E+15,1.55E+15,0.11907,0.659034274,-1.120437719,14.6389906,109.83701,mcp_roads_cross_02,31,94.37235466,87.42233567,14.69658983
1.55E+15,1.55E+15,0.329889,-0.242843876,-1.120307483,18.92896734,110.126409,mcp_roads_cross_02,32,93.38681109,90.7350198,18.96364592
1.55E+15,1.55E+15,0.42944,1.047566766,-1.120371243,19.27990837,110.476794,mcp_road_part_02,31.7,93.32087698,86.88991297,19.34082456
1.55E+15,1.55E+15,0.129807,-0.468288619,-1.119770808,17.92520483,111.216667,mcp_road_part_02,31,93.57335287,91.49648834,17.96625028
1.55E+15,1.55E+15,0.630257,0.209029211,-1.120918079,34.53328804,111.466522,mcp_road_part_02,29.93103448,91.8590804,89.65319418,34.55210751
1.55E+15,1.55E+15,0.500689,-0.162645008,-1.120887697,41.9710029,112.116299,mcp_road_part_02,29.86956522,91.52977976,90.2220301,41.98628261
1.55E+15,1.55E+15,0.379793,-1.439693987,-1.121087302,27.62389722,112.647244,mcp_road_part_02,29,92.32086815,92.98342495,27.68409747
1.55E+15,1.55E+15,0.230336,-0.355804491,-1.120012683,17.19274015,113.886589,mcp_road_part_02,31.45454545,93.72644339,91.18556937,17.23285639
1.55E+15,1.55E+15,0.450912,-0.399512387,-1.11994493,20.75390917,114.136445,mcp_road_part_02,32.85714286,93.08828994,91.10280654,20.78794441
1.55E+15,1.55E+15,1.209659,0.206178684,-1.120650917,30.84574656,114.606877,mcp_road_part_02,32.94444444,92.08064044,89.6170301,30.86678553
1.55E+15,1.55E+15,0.110284,-0.245533873,-1.120861565,25.59845236,115.837036,mcp_roads_cross_02,32,92.50705366,90.54954976,25.62415619
1.55E+15,1.55E+15,0.379666,-0.898193519,-1.120851243,21.72370156,115.966841,mcp_roads_cross_02,31,92.95108421,92.36761688,21.77113383
1.55E+15,1.55E+15,0.380513,-0.441908377,-1.120617597,19.65606329,116.376761,mcp_roads_cross_02,30.38888889,93.26215184,91.28790898,19.69294013
1.55E+15,1.55E+15,0.13016,-2.620287996,-1.120560668,13.6841054,116.79729,mcp_roads_cross_02,30,94.59820524,100.8400122,13.97770746
1.55E+15,1.55E+15,0.130784,-2.947540242,-1.120589827,13.93057865,116.95673,mcp_roads_cross_02,29.85714286,94.4998261,101.946882,14.28302267
1.55E+15,1.55E+15,0.139568,-3.070925553,-1.120649725,15.6489371,117.107034,mcp_roads_cross_02,29,94.01965781,101.1025601,15.98673425
1.55E+15,1.55E+15,0.379649,-1.221347954,-1.121044773,19.921576,117.267113,mcp_roads_cross_02,29,93.21477935,93.50828699,19.99043828
1.55E+15,1.55E+15,0.160065,-4.007973973,-1.125793348,14.59787641,118.037163,mcp_roads_cross_02,28,94.25315706,105.3527417,15.17989663
1.55E+15,1.55E+15,0.129809,-3.326902919,-1.127455198,12.08125375,118.216746,mcp_roads_cross_02,27,95.14126208,105.3963466,12.58157901
1.55E+15,1.55E+15,0.110194,-0.457483998,-0.098047667,0.527872558,118.436834,Kooper,27,97.99002509,130.9140391,0.705375354
1.55E+15,1.55E+15,0.130788,0.023465435,-0.095227571,0.579024001,120.88666,Kooper,23,99.3318615,87.67931025,0.587271411
1.55E+15,1.55E+15,0.110287,0.053682066,-0.075329667,0.614820302,121.157013,Kooper,23,96.95902426,85.00996432,0.621739758
1.55E+15,1.55E+15,0.120048,-0.571349293,-1.121198212,22.17951247,121.337573,mcp_road_part_02,23.875,92.89294185,91.47562598,22.21518172
1.55E+15,1.55E+15,0.290036,-0.705760437,-1.121052948,26.18709147,121.477141,mcp_road_part_02,24,92.45041097,91.54378765,26.22057621
1.55E+15,1.55E+15,0.319152,-0.537620487,-1.120777903,35.78808398,121.787672,mcp_road_part_02,24.93333333,91.7935474,90.8606515,35.80966537
1.55E+15,1.55E+15,0.76012,-0.26202858,-1.120565717,30.55752336,122.12732,mcp_road_part_02,26.56756757,92.10005806,90.49129517,30.57918508
1.55E+15,1.55E+15,0.330861,-1.012898311,-1.120791715,18.44292398,122.906964,mcp_road_part_02,26.6875,93.47241483,93.14356628,18.50469081
1.55E+15,1.55E+15,0.240096,0.836968261,-1.120941513,27.06610343,123.267105,mcp_road_part_02,26,92.3704152,88.22880037,27.10223203
1.55E+15,1.55E+15,0.439671,-0.623225112,-1.120907363,23.96961449,123.617489,mcp_road_part_02,25.95,92.67650766,91.48939088,24.00390096
1.55E+15,1.55E+15,0.42948,0.565517484,-1.120762433,20.03423189,124.077652,mcp_road_part_02,26,93.20065212,88.38310929,20.073524
1.55E+15,1.55E+15,0.569988,0.077810645,-1.121001731,19.01258941,124.527627,mcp_road_part_02,25.34615385,93.37428307,89.76551344,19.04576739
1.55E+15,1.55E+15,0.270349,-0.599338835,-1.120991453,17.21265348,125.117136,mcp_road_part_02,24.92307692,93.72393299,91.9942142,17.2595269
1.55E+15,1.55E+15,0.540794,0.494544373,-1.120860487,22.49632902,125.407004,mcp_road_part_02,24,92.851667,88.74065043,22.52966315
1.55E+15,1.55E+15,0.559756,-0.595435277,-1.121106535,19.36928552,125.967317,mcp_road_part_02,23.11538462,93.31105943,91.76078708,19.41083833
1.55E+15,1.55E+15,0.560227,-0.565802865,-1.120983259,15.57220095,126.547569,mcp_roads_turn_01,22.2962963,94.11469613,92.08087872,15.62274556
1.55E+15,1.55E+15,0.250005,-1.450830176,-1.12094903,13.51039263,127.127313,mcp_roads_turn_01,22,94.71594207,96.12928938,13.63422693
1.55E+15,1.55E+15,0.180119,-1.539513683,-1.120950529,14.32021616,127.397818,mcp_roads_turn_01,21.11111111,94.45030315,96.13609108,14.44628753
1.55E+15,1.55E+15,0.170287,-0.665280147,-1.120979096,17.29455084,127.597456,mcp_roads_turn_01,21,93.70581368,92.20294588,17.34360633
1.55E+15,1.55E+15,0.220575,-0.901912771,-1.121352915,16.68013425,127.787264,mcp_roads_turn_01,21,93.84043469,93.09503038,16.74209537
1.55E+15,1.55E+15,0.109314,-8.201083185,-1.125933184,7.292471552,128.877962,mcp_roads_turn_01,19,95.85783006,138.3562378,11.03202757
1.55E+15,1.55E+15,0.190089,-9.246779861,-1.126580733,9.739563806,129.087802,mcp_roads_turn_01,19,94.79509023,133.5132418,13.47706292
1.55E+15,1.55E+15,0.110288,-4.248466366,-1.122842493,9.966429197,130.507935,mcp_roads_turn_01,17,95.91695417,113.0874696,10.89219687
1.55E+15,1.55E+15,0.139568,-4.136196155,-1.122869279,9.864629891,130.627984,mcp_roads_turn_01,17,95.99259623,112.748091,10.75545801
1.55E+15,1.55E+15,0.120048,-3.064565338,-1.122947365,10.69518935,131.047664,mcp_roads_turn_01,17,95.76356037,105.9889563,11.18211281
1.55E+15,1.55E+15,0.129808,-2.87480228,-1.123154929,10.61202374,131.177472,mcp_roads_turn_01,17,95.83286542,105.1576521,11.05174254
1.55E+15,1.55E+15,0.350383,-3.032230776,-1.123426222,7.866668289,131.407809,mcp_roads_turn_01,17,97.59007315,111.0793059,8.505350076
1.55E+15,1.55E+15,0.120049,-2.870878785,-1.124328446,10.51591981,131.827488,mcp_road_part_02,18,95.88879113,105.2698277,10.958587
1.55E+15,1.55E+15,0.129809,-3.310230627,-1.125087861,12.02801982,132.178017,mcp_road_part_02,18,95.15332889,105.3874337,12.5258417
1.55E+15,1.55E+15,0.159593,-3.146792184,-1.124314452,17.70760617,132.667991,mcp_road_part_02 (1),17,93.57712623,100.0767504,18.02014706
1.55E+15,1.55E+15,0.129845,-1.936162565,-1.12290438,15.82182837,132.938218,mcp_road_part_02 (1),17,94.02962061,96.97676109,15.97935833
1.55E+15,1.55E+15,0.110291,-0.680315028,-1.121850649,17.27244568,133.097344,mcp_road_part_02 (2),17,93.7132876,92.25556024,17.32220417
1.55E+15,1.55E+15,0.120048,-0.332998661,-1.120934288,17.77136449,133.217392,mcp_road_part_02 (2),17,93.60853589,91.07347893,17.80979443
1.55E+15,1.55E+15,0.20984,0.163894058,-1.120408518,17.24842519,133.357936,mcp_road_part_02 (2),17,93.71638179,89.45559347,17.28555316
1.55E+15,1.55E+15,0.110288,1.246170329,-1.120394859,45.37182673,133.72784,mcp_road_part_02,18,91.41401997,88.42672514,45.40276297
1.55E+15,1.55E+15,0.149325,-0.218643003,-1.119969332,13.0584399,133.94842,mcp_road_part_02 (2),18.44444444,94.90134662,90.95923793,13.1082031
1.55E+15,1.55E+15,0.309393,-1.196476745,-1.119796599,14.76631245,134.118241,mcp_road_part_02 (2),19.57142857,94.32258617,94.63241104,14.85696754
1.55E+15,1.55E+15,0.240097,0.127760859,-1.120378644,15.45411191,134.448129,mcp_road_part_02 (3),21.21428571,94.14638362,89.52634022,15.49519752
1.55E+15,1.55E+15,0.289788,0.269582216,-1.120592329,15.80852902,134.697985,mcp_road_part_02 (3),22.72222222,94.054059,89.02303205,15.85048869
1.55E+15,1.55E+15,0.489991,0.140710478,-1.120446792,20.07686388,135.008269,mcp_road_part_02,24,93.19416309,89.59844403,20.10859676
1.55E+15,1.55E+15,0.110288,0.190114365,-1.121214309,16.15916558,135.567555,mcp_road_part_02,23.28571429,93.96886998,89.32593993,16.19913261
1.55E+15,1.55E+15,0.4802,-0.30579695,-1.121279529,29.02312532,135.687603,mcp_road_part_02,23,92.21234235,90.60366436,29.04638675
1.55E+15,1.55E+15,0.22936,0.734275958,-1.121076643,15.23678493,136.188296,mcp_road_part_02,22.36363636,94.20320752,87.24099337,15.29560685
1.55E+15,1.55E+15,0.120049,0.62034834,-1.120849273,16.44871492,136.438152,mcp_road_part_02,22,93.8954653,87.84016535,16.49852593
1.55E+15,1.55E+15,0.249855,0.28754441,-1.120728391,18.49282226,136.567961,mcp_road_part_02,22.75,93.46766074,89.10918121,18.5289824
1.55E+15,1.55E+15,0.330434,-1.034202785,-1.12064851,28.54392923,136.827577,mcp_road_part_02,23,92.24683263,92.07503127,28.58463441
1.55E+15,1.55E+15,0.259616,0.185242204,-1.120385917,16.66016481,137.178508,mcp_road_part_02,23.72222222,93.8470763,89.36296194,16.69882244
1.55E+15,1.55E+15,0.149329,-5.432026239,-1.170311545,38.85460656,137.508395,Plane_01,24.54545455,91.70863623,97.95859141,39.2499298
1.55E+15,1.55E+15,0.429441,-0.912507247,-1.12070971,22.03715423,137.758252,mcp_road_part_02,24.96428571,92.90880703,92.37113027,22.08449289
1.55E+15,1.55E+15,0.129808,0.482090854,-1.1709234,35.51908313,138.208188,Plane_01,24,91.88795723,89.22238772,35.54164796
1.55E+15,1.55E+15,0.20089,0.364638665,-1.170926167,28.17287056,138.347756,Plane_01,24,92.37976915,89.25846782,28.1995508
1.55E+15,1.55E+15,0.199505,7.397600881,-1.170748688,36.63050442,138.558405,Plane_01,24,91.79440704,78.58257236,37.38835387
1.55E+15,1.55E+15,0.120049,0.091994768,-1.170830571,23.50376006,138.877958,Plane_01,23,92.85178758,89.7757429,23.53308403
1.55E+15,1.55E+15,0.160065,-0.29386052,-1.170875273,19.21626696,139.018502,Plane_01,23,93.48639826,90.87611477,19.2541481
1.55E+15,1.55E+15,0.120048,-0.393033833,-1.170870833,16.58675129,139.188326,Plane_01,23,94.03672331,91.35740665,16.63267063
1.55E+15,1.55E+15,0.310488,-0.533158116,-1.120896736,11.93293787,139.327897,mcp_road_part_02,22.68181818,95.36090203,92.55824739,11.99731942
1.55E+15,1.55E+15,0.460671,-0.630055797,-1.170857238,11.09164627,139.657905,Plane_01,22,96.01631718,93.25116615,11.17105608
1.55E+15,1.55E+15,0.300646,-1.145889032,-1.170827417,20.33200951,140.138096,Plane_01,22,93.29055177,93.22571284,20.39790453
1.55E+15,1.55E+15,0.160065,-5.449414037,-1.170687923,12.36431617,140.528063,Plane_01,21,94.95179883,113.7848721,13.56255646
1.55E+15,1.55E+15,0.109311,6.371160332,-1.113553222,4.486524182,142.568682,Plane_01,18.22222222,98.13270798,35.15292451,7.871504557
1.55E+15,1.55E+15,0.160064,6.463466412,-1.112862917,5.114551411,142.738505,Plane_01,18,97.68951488,38.35462551,8.317060662
1.55E+15,1.55E+15,0.109311,5.380066471,-1.112706857,4.715791498,142.928825,Plane_01,18,98.84039113,41.23554816,7.240298421
1.55E+15,1.55E+15,0.100528,6.411064138,-1.112429,5.532757512,143.078153,Plane_01,17.5,97.48369239,40.79424008,8.541115112
1.55E+15,1.55E+15,0.120553,6.081259527,-1.112612,5.876158529,143.287994,Plane_01,17,97.49536347,44.01732387,8.529294341
1.55E+15,1.55E+15,0.129808,-1.331368993,-1.082360874,7.195836612,145.078454,mcp_road_part_02,13,98.41331568,100.48229,7.397574806
1.55E+15,1.55E+15,0.310368,-1.460182917,-1.094111839,8.962236846,145.238518,mcp_road_part_02,13,96.87053145,99.25367414,9.146086821
1.55E+15,1.55E+15,0.290024,-1.199575321,-1.114065907,8.332178599,145.568407,mcp_road_part_02,12.42857143,97.53882568,98.19252257,8.491485383
1.55E+15,1.55E+15,0.150305,-0.030987139,-0.116933225,0.619277599,145.908206,Kooper,12.625,100.6797559,92.86455182,0.630982033
1.55E+15,1.55E+15,0.340625,-0.904432709,-1.120706703,7.683055304,146.148302,mcp_road_part_02,14,98.24292529,96.71383712,7.816861317
1.55E+15,1.55E+15,0.26992,-0.847866625,-1.120765782,10.24268068,146.508446,mcp_road_part_02,15.42857143,96.22340899,94.73203033,10.33864118
1.55E+15,1.55E+15,0.759441,-0.850581972,-1.120691626,11.37721475,146.798863,mcp_road_part_02,18,95.61011098,94.27558618,11.46387608
1.55E+15,1.55E+15,0.449936,-0.021079382,-1.12131442,14.0247264,147.578801,mcp_road_part_02,18.75,94.57122194,90.08611639,14.06949682
1.55E+15,1.55E+15,0.270352,-0.420539037,-1.121300539,11.70892653,148.048257,mcp_road_part_02,18,95.46672183,92.05695708,11.77000971
1.55E+15,1.55E+15,0.139567,-0.355870411,-1.121200722,9.708482365,148.339106,mcp_road_part_02,17.85714286,96.58333506,92.09927227,9.779486931
1.55E+15,1.55E+15,0.129809,0.006354467,-0.085839143,0.595299748,148.499169,Kooper,17,98.20473785,89.38842524,0.601490255
1.55E+15,1.55E+15,0.109312,-1.106934999,-1.121253028,11.46155283,148.779132,mcp_road_part_02,17,95.56160023,95.51640888,11.5693434
1.55E+15,1.55E+15,0.249386,-1.121069728,-1.121248395,10.43796066,148.90894,mcp_road_part_02,16.5,96.09642113,96.13024689,10.55769947
1.55E+15,1.55E+15,0.59048,-0.433689526,-1.121255533,10.56684592,149.178823,mcp_roads_turn_01,15.74074074,96.05197352,92.35024163,10.6350145
1.55E+15,1.55E+15,0.189544,-1.213521675,-1.121229549,9.190959659,149.788823,mcp_roads_turn_01,15,96.89603066,97.52150037,9.338283034
1.55E+15,1.55E+15,0.109314,0.169367738,-1.121205956,21.10337646,150.149166,mcp_roads_turn_01,14.83333333,93.04112304,89.54017556,21.13381855
1.55E+15,1.55E+15,0.120048,0.267032383,-1.121085545,22.19886828,150.278976,mcp_roads_turn_01,14.16666667,92.89088209,89.31081664,22.22876272
1.55E+15,1.55E+15,0.269907,-0.670004962,-1.120806353,10.52128957,150.418544,mcp_roads_turn_01,15,96.06844225,93.64372547,10.6020115
1.55E+15,1.55E+15,0.159088,0.107041939,-0.190610286,0.493042303,150.859252,Kooper,16,110.696519,77.75089217,0.539333821
1.55E+15,1.55E+15,0.130785,-0.737016108,-1.120181972,9.239978887,151.378483,mcp_roads_turn_01,19.42857143,96.89068079,94.56047553,9.336766583
1.55E+15,1.55E+15,0.140544,-5.198360728,-1.134320881,5.746124961,152.838862,mcp_roads_turn_01,23,98.32838989,132.1347751,7.831193408
1.55E+15,1.55E+15,0.170212,-0.011712458,-0.111477669,0.693419542,154.138992,Kooper,20,99.13173453,90.9676834,0.702420895
1.55E+15,1.55E+15,0.160065,-0.063060964,-1.120604958,17.77391698,154.429252,mcp_road_part_02,19.2,93.60757065,90.20328169,17.80931938
1.55E+15,1.55E+15,0.459697,-0.145849088,-1.120837915,20.06348238,154.599077,mcp_road_part_02,19,93.19739654,90.41649749,20.09529484
1.55E+15,1.55E+15,0.149329,0.758310414,-1.119853062,21.02290905,155.159302,mcp_road_part_02 (9),19,93.04718473,87.93419847,21.0663668
1.55E+15,1.55E+15,0.22936,0.576771433,-1.119434426,18.36577215,155.319366,mcp_road_part_02 (9),20.35,93.48627473,88.20123483,18.40889419
1.55E+15,1.55E+15,0.120048,-0.434660728,-1.119367235,16.03710489,155.649259,mcp_road_part_02 (9),22.16666667,93.99122788,91.5525327,16.08199758
1.55E+15,1.55E+15,0.260593,-0.753005815,-1.119299744,16.71545658,155.779067,mcp_road_part_02 (9),23.43478261,93.82704901,92.57934358,16.76980436
1.55E+15,1.55E+15,0.6003,-0.130098172,-1.120283364,20.87280257,156.138742,mcp_road_part_02 (8),25.77358491,93.0721671,90.35711446,20.90324969
1.55E+15,1.55E+15,0.310492,-0.707568903,-1.120645949,21.78195527,156.748803,mcp_road_part_02 (10),26.11538462,92.9436274,91.86055203,21.82223812
1.55E+15,1.55E+15,0.409921,-1.351051918,-1.12051009,17.98919647,157.059295,mcp_road_part_02 (10),27.27777778,93.55424759,94.29505118,18.07462514
1.55E+15,1.55E+15,0.630503,0.003173103,-1.120718059,29.02779243,157.478975,mcp_road_part_02 (11),28.69642857,92.21100305,89.99373685,29.04941914
1.55E+15,1.55E+15,0.410399,-0.9083462,-1.121263166,16.47909567,158.138761,mcp_road_part_02 (12),27.81081081,93.8866121,93.15501476,16.54215578
1.55E+15,1.55E+15,0.390469,-0.314235472,-1.121407015,24.04968428,158.55892,mcp_road_part_02 (11),26.8,92.66947003,90.74858953,24.0778656
1.55E+15,1.55E+15,0.280619,-1.033276752,-1.121320848,12.80585498,158.959149,mcp_road_part_02 (12),26,94.98810557,94.61307871,12.89631509
1.55E+15,1.55E+15,0.100529,-0.652323998,-1.121178159,21.55841871,159.469128,mcp_roads_turn_01,25,92.97571209,91.73315177,21.59740689
1.55E+15,1.55E+15,0.229361,-0.646151439,-1.121181869,15.89633152,159.579416,mcp_road_part_02 (11),24.61904762,94.03112147,92.32766792,15.94891584
1.55E+15,1.55E+15,0.389805,-0.651062248,-1.121179653,13.47799751,159.819513,mcp_roads_turn_01,23.85714286,94.74974083,92.76555511,13.54021207
1.55E+15,1.55E+15,0.200289,-0.813347693,-1.121138034,12.28371423,160.228838,mcp_roads_turn_01,23,95.20362151,93.78822432,12.36155817
1.55E+15,1.55E+15,0.109818,-0.440831901,-0.138571973,0.720047225,160.48964,Kooper,23,99.32092275,121.4760674,0.855571717
1.55E+15,1.55E+15,0.120049,-0.445094437,-0.1388248,0.701692666,160.618978,Kooper,22.08333333,99.48464488,122.3875839,0.842468979
1.55E+15,1.55E+15,0.260592,-2.772510075,-1.122103325,10.25436008,160.849314,mcp_roads_turn_01,21.875,96.03002084,105.129534,10.68165851
1.55E+15,1.55E+15,0.129807,-1.493679519,-1.122720905,12.18242749,161.169443,mcp_roads_turn_01,21,95.22653141,96.99011006,12.32489838
1.55E+15,1.55E+15,0.18056,-0.446135944,-0.112526975,0.69709547,161.479042,Kooper,20.25,97.74257904,122.6189424,0.83524948
1.55E+15,1.55E+15,0.12063,-0.439346064,-0.10176225,0.678623918,161.679121,Kooper,20,97.17447192,122.9193136,0.814807304
1.55E+15,1.55E+15,0.110288,-2.709659737,-1.125112488,10.63167137,163.719411,mcp_roads_turn_01,18,95.85511605,104.2983841,11.02907839
1.55E+15,1.55E+15,0.299998,-2.989750219,-1.124553163,7.77551823,163.83946,mcp_roads_turn_01,18,97.68800991,111.0321591,8.406063879
1.55E+15,1.55E+15,0.139568,-2.657228729,-1.124530654,7.884663929,164.159954,mcp_roads_turn_01,18.14285714,97.69709614,108.6244493,8.396032336
1.55E+15,1.55E+15,0.109312,-2.350963398,-1.124552645,7.763061753,164.329778,mcp_road_part_02,18,97.89324684,106.8483967,8.188820142
1.55E+15,1.55E+15,0.139566,-2.188960248,-1.123984651,7.794115931,164.459589,mcp_road_part_02,18,97.90429332,105.68728,8.173318274
1.55E+15,1.55E+15,0.11029,-2.234346593,-1.123703308,12.13441644,164.61965,mcp_road_part_02,18,95.20377659,100.4331796,12.38947441
1.55E+15,1.55E+15,0.110289,-2.126658365,-1.123596856,13.26997234,164.759218,mcp_road_part_02,17.33333333,94.77911629,99.10485442,13.48618966
1.55E+15,1.55E+15,0.120048,-1.540708847,-1.123526031,11.78828373,164.909523,mcp_road_part_02,17,95.3987007,97.4462543,11.9415128
1.55E+15,1.55E+15,0.160064,-2.209861166,-1.123202217,16.98411342,165.069587,mcp_road_part_02,17,93.75206926,97.4133028,17.16406649
1.55E+15,1.55E+15,0.1708,-1.392293441,-1.121491299,13.53666646,165.289187,mcp_road_part_02,16.5,94.71130641,95.8724214,13.65421409
1.55E+15,1.55E+15,0.179624,-0.507616894,-1.118944063,12.1249373,165.589795,mcp_road_part_02,16.88888889,95.26799106,92.39731807,12.18703472
1.55E+15,1.55E+15,0.169863,-0.604574866,-1.119480889,12.35588362,165.799675,mcp_road_part_02,17.44444444,95.17088532,92.80125524,12.42121606
1.55E+15,1.55E+15,0.169828,-0.839348043,-1.120529151,12.07522833,165.999794,mcp_road_part_02,18.77777778,95.28892969,93.97622886,12.15611903
1.55E+15,1.55E+15,0.200081,-1.005800441,-1.121347705,14.67565929,166.199874,mcp_road_part_02,20.6,94.35921835,93.9206515,14.7527635
1.55E+15,1.55E+15,0.140548,-0.906469294,-1.121800097,14.39016065,166.419474,mcp_road_part_02,22.42857143,94.44875544,93.60443038,14.46225589
1.55E+15,1.55E+15,0.200162,-1.607130635,-1.122244071,27.48993471,166.5893,mcp_road_part_02,24.1,92.33375392,93.34584677,27.5597317
1.55E+15,1.55E+15,0.150309,0.141980659,-1.121279777,29.09860106,166.969401,mcp_road_part_02,26.875,92.20670628,89.72043921,29.12054275
1.55E+15,1.55E+15,0.129808,0.138955695,-1.120121308,18.79795683,167.149961,mcp_road_part_02,28.28571429,93.4099812,89.57647366,18.83181249
1.55E+15,1.55E+15,0.110291,0.0782788,-1.119481207,14.90412797,167.299289,mcp_road_part_02,29.16666667,94.29548446,89.69907641,14.94631715
1.55E+15,1.55E+15,0.229868,0.043577613,-1.119058784,15.19994164,167.459861,mcp_road_part_02,30.54545455,94.21064866,89.83573579,15.24114226
1.55E+15,1.55E+15,0.110288,-0.100070077,-1.121058061,14.00509976,168.819468,mcp_road_part_02,37.16666667,94.57644753,90.40938627,14.05025282
1.55E+15,1.55E+15,0.160065,-0.136651791,-1.121686769,15.33921823,168.949275,mcp_road_part_02,38.125,94.18216838,90.51041478,15.38078252
1.55E+15,1.55E+15,0.149328,-0.12835768,-1.120763203,14.61982746,169.160092,mcp_road_part_02,39.25,94.3835804,90.50302676,14.66328547
1.55E+15,1.55E+15,0.100528,1.26630996,-1.117324083,19.60264865,169.579303,mcp_road_part_02,41.4,93.25548016,86.30389005,19.67525828
1.55E+15,1.55E+15,0.120045,1.329538373,-1.117433924,26.80766694,169.809642,mcp_road_part_02,42,92.3839727,87.1607163,26.86386676
1.55E+15,1.55E+15,0.16104,0.433617602,-1.117782586,23.30673939,169.949207,mcp_road_part_02,41.5,92.74530607,88.93414552,23.33755692
1.55E+15,1.55E+15,0.19944,-2.100829198,-1.118297403,36.19572177,170.240055,mcp_road_part_02,41,91.76666726,93.32176704,36.27387968
1.55E+15,1.55E+15,0.229359,-1.620678426,-1.118877806,18.79082828,170.459992,mcp_road_part_02,40.09090909,93.39501222,94.92946902,18.893748
1.55E+15,1.55E+15,0.159661,-0.060346351,-1.120041164,14.71797343,170.709848,mcp_road_part_02,40,94.35179765,90.23492174,14.76065296
1.55E+15,1.55E+15,0.489953,-0.210433942,-1.122160544,13.58100908,170.899762,mcp_road_part_02,39,94.72289468,90.88771106,13.62891538
1.55E+15,1.55E+15,0.169827,0.010906746,-1.120034453,13.99183887,171.940179,mcp_road_part_02,37,94.5767166,89.95533751,14.03660041
1.55E+15,1.55E+15,0.360217,0.169579888,-1.119869612,14.74563637,172.140259,mcp_road_part_02,36.47058824,94.34275245,89.34110788,14.78907223
1.55E+15,1.55E+15,0.269374,-0.475878046,-1.118878548,15.52902379,172.540495,mcp_road_part_02,35.92307692,94.11915817,91.75524707,15.57655061
1.55E+15,1.55E+15,0.639319,-0.680699202,-1.120808834,17.12252292,172.830365,mcp_road_part_02,34.72413793,93.7421858,92.27657249,17.17266301
1.55E+15,1.55E+15,0.329888,-1.095180962,-1.12156316,17.62942526,173.49018,mcp_road_part_02,33.9375,93.63319887,93.55477913,17.6989819
1.55E+15,1.55E+15,0.169924,-0.969770306,-1.121827676,20.60134096,173.839591,mcp_road_part_02,33,93.11347144,92.69510414,20.65464115
1.55E+15,1.55E+15,0.110289,0.046615738,-0.085156667,0.500711587,174.159819,Kooper,33,99.61123308,84.68115297,0.510036056
1.55E+15,1.55E+15,0.109819,0.01250798,-0.088351833,0.60459028,174.670064,Kooper,30.5,98.31231775,88.81481349,0.611139839
1.55E+15,1.55E+15,0.270353,0.341655666,-1.120942374,16.17746016,175.460159,mcp_roads_cross_02,27.53846154,93.96283017,88.79013653,16.21984765
1.55E+15,1.55E+15,0.130791,3.159933472,-1.1207923,9.502141424,175.799798,mcp_roads_cross_02,27,96.38624861,71.60547405,10.07631116
1.55E+15,1.55E+15,0.239932,2.875976378,-1.119902781,7.726898499,176.020375,mcp_roads_cross_02,26.8,97.73525566,69.58457222,8.32047972
1.55E+15,1.55E+15,0.3099,3.536558598,-1.11819386,9.609266357,176.299854,mcp_roads_cross_02,26,96.23229198,69.79455433,10.30027204
1.55E+15,1.55E+15,0.120047,7.503645428,-1.10976981,6.495836498,177.25042,mcp_roads_cross_02,24.11111111,96.38022236,40.88243638,9.986599799
1.55E+15,1.55E+15,0.100528,6.797165948,-1.108686826,5.894653812,177.380228,mcp_roads_cross_02,24,97.02495371,40.932558,9.065185876
1.55E+15,1.55E+15,0.210819,5.431319546,-1.107374856,5.573030473,177.519796,mcp_roads_cross_02,23.625,98.09889651,45.73779817,7.860291326
1.55E+15,1.55E+15,0.110289,0.072182089,-0.121188933,0.540409648,178.77993,Kooper,22,102.5319502,82.39207845,0.558515532
1.55E+15,1.55E+15,0.2894,0.067010455,-0.086579286,0.577817047,179.480762,Kooper,21,98.46581049,83.38485914,0.588097708
1.55E+15,1.55E+15,0.129809,3.123809507,-1.120080454,21.03232756,179.840434,mcp_road_part_02,21,93.01540196,81.55194899,21.29252377
1.55E+15,1.55E+15,0.310368,2.300126792,-1.11889825,17.27939316,180.010259,mcp_road_part_02,21,93.6726147,82.41771201,17.46768286
1.55E+15,1.55E+15,0.280112,2.682828749,-1.118156305,15.77839461,180.340147,mcp_road_part_02,22.15384615,93.99639471,80.35018417,16.04386425
1.55E+15,1.55E+15,0.160067,0.02171696,-0.078399125,0.58763753,180.640756,Kooper,23,97.59406583,87.88351822,0.593241869
1.55E+15,1.55E+15,0.160764,-0.01458985,-0.1042861,0.556788505,180.999924,Kooper,23,100.6049888,91.50101088,0.566658533
1.55E+15,1.55E+15,0.110288,1.247325621,-1.119571008,14.14956207,181.379819,mcp_road_part_02,22,94.50664599,84.96223055,14.24848649
1.55E+15,1.55E+15,0.230336,0.037987832,-0.072994333,0.656341298,181.770218,Kooper,21.66666667,96.33549793,86.68752077,0.661479514
1.55E+15,1.55E+15,0.229476,-0.152353659,-1.121283055,12.48828948,182.270907,mcp_road_part_02,21,95.13026504,90.6989579,12.5394522
1.55E+15,1.55E+15,0.180561,0.757381326,-1.121239206,14.92000041,182.550159,mcp_road_part_02,21.77777778,94.29219806,87.09399895,14.98122879
1.55E+15,1.55E+15,0.150464,-0.45135206,-1.121146313,11.25863039,182.800015,mcp_road_part_02,22.5,95.68229169,92.29572573,11.32331427
1.55E+15,1.55E+15,0.18009,-0.42835002,-1.121406988,11.24558099,182.980736,mcp_road_part_02,22.66666667,95.69059727,92.18137143,11.30947078
1.55E+15,1.55E+15,0.180599,0.797621207,-1.120964898,15.1224079,183.180345,mcp_road_part_02,22,94.23349536,86.98077047,15.18486031
1.55E+15,1.55E+15,0.340154,1.112545235,-1.120831337,17.5236844,183.380464,mcp_road_part_02,22,93.65237325,86.36727607,17.5947019
1.55E+15,1.55E+15,0.169824,0.756655779,-1.121077478,15.07363494,183.760634,mcp_road_part_02,21.375,94.24812178,87.1263186,15.13419351
1.55E+15,1.55E+15,0.120048,0.032843439,-0.0795256,0.59932747,183.970474,Kooper,21,97.5473093,86.86330062,0.605472071
1.55E+15,1.55E+15,0.149329,-0.179202675,-1.122319619,11.34152693,184.231066,mcp_road_part_02,19.75,95.65069915,90.90523108,11.39833093
1.55E+15,1.55E+15,0.120049,-0.220250954,-1.12222812,9.629181281,184.540458,mcp_road_part_02,16,96.64579661,91.31031389,9.696857149
1.55E+15,1.55E+15,0.129808,-0.278557577,-1.121814036,9.095732417,184.681003,mcp_road_part_02,15,97.02775506,91.75413985,9.168882661
1.55E+15,1.55E+15,0.269416,0.07221647,-0.1619863,0.584298161,185.10072,Kooper,9.5,105.3836416,82.95424602,0.610621913
1.55E+15,1.55E+15,0.22936,-0.203480669,-1.122064652,10.53593031,185.50092,mcp_road_part_02,6.363636364,96.07789708,91.10641718,10.59746483
1.55E+15,1.55E+15,0.129809,-0.046226959,-1.121932009,12.23931202,185.750775,mcp_road_part_02,5.333333333,95.23741605,90.21640081,12.29071304
1.55E+15,1.55E+15,0.120044,0.086176948,-0.072119,0.697173648,185.990876,Kooper,4.666666667,95.86164829,82.95346847,0.706171872
1.55E+15,1.55E+15,0.260699,0.019044167,-0.086173,0.692709036,186.170456,Kooper,3.909090909,97.08851386,88.4252037,0.698308151
1.55E+15,1.55E+15,0.439952,-0.361420607,-1.121609887,10.42907268,186.450675,mcp_road_part_02,2.8,96.13471048,91.98479693,10.49543665
1.55E+15,1.55E+15,0.229485,0.064743953,-0.091097,0.701557311,186.911123,Kooper,2,97.36748228,84.72733357,0.71040348
1.55E+15,1.55E+15,0.139569,-0.314758474,-1.12156153,12.14360469,187.161104,mcp_road_part_02,1.142857143,95.27500399,91.48475643,12.19934867
